<?xml version="1.0" ?><com.sun.javafx.collections.ObservableListWrapper><listenerHelper class="com.sun.javafx.collections.ListListenerHelper$Generic"><changeListeners><null></null><null></null><null></null><null></null><null></null><null></null><null></null><null></null><null></null><null></null><javafx.collections.WeakListChangeListener><ref><referent class="null"></referent><queue class="java.lang.ref.ReferenceQueue$Null"><lock></lock><queueLength>0</queueLength></queue></ref></javafx.collections.WeakListChangeListener><null></null><javafx.collections.WeakListChangeListener><ref><referent class="null"></referent><queue class="java.lang.ref.ReferenceQueue$Null" reference="../../../javafx.collections.WeakListChangeListener/ref/queue"></queue></ref></javafx.collections.WeakListChangeListener><javafx.collections.WeakListChangeListener><ref><referent class="null"></referent><queue class="java.lang.ref.ReferenceQueue$Null" reference="../../../javafx.collections.WeakListChangeListener/ref/queue"></queue></ref></javafx.collections.WeakListChangeListener><null></null><null></null><null></null></changeListeners><invalidationSize>0</invalidationSize><changeSize>14</changeSize><locked>false</locked></listenerHelper><changeBuilder><list class="com.sun.javafx.collections.ObservableListWrapper" reference="../.."></list><changeLock>0</changeLock><addRemoveChanges></addRemoveChanges></changeBuilder><backingList><TransaksiData.Data><N>a</N><T>2022-08-01</T><J>Pendapatan</J><K>w</K><Nom>10000</Nom></TransaksiData.Data><TransaksiData.Data><N>b</N><T>2022-08-02</T><J>Pendapatan</J><K>f</K><Nom>20000</Nom></TransaksiData.Data><TransaksiData.Data><N>c</N><T>2022-08-03</T><J>Pendapatan</J><K>h</K><Nom>10000</Nom></TransaksiData.Data><TransaksiData.Data><N>a</N><T>2022-08-04</T><J>Pendapatan</J><K>h</K><Nom>30000</Nom></TransaksiData.Data><TransaksiData.Data><N>a</N><T>2022-08-05</T><J>Pendapatan</J><K>h</K><Nom>15000</Nom></TransaksiData.Data><TransaksiData.Data><N>a</N><T>2022-08-06</T><J>Pendapatan</J><K>g</K><Nom>5000</Nom></TransaksiData.Data><TransaksiData.Data><N>a</N><T>2022-08-07</T><J>Pendapatan</J><K>s</K><Nom>20000</Nom></TransaksiData.Data><TransaksiData.Data><N>a</N><T>2022-08-08</T><J>Pendapatan</J><K>a</K><Nom>10000</Nom></TransaksiData.Data><TransaksiData.Data><N>a</N><T>2022-08-09</T><J>Pendapatan</J><K>h</K><Nom>10000</Nom></TransaksiData.Data><TransaksiData.Data><N>a</N><T>2022-08-10</T><J>Pendapatan</J><K>a</K><Nom>20000</Nom></TransaksiData.Data><TransaksiData.Data><N>a</N><T>2022-08-12</T><J>Pendapatan</J><K>a</K><Nom>30000</Nom></TransaksiData.Data><TransaksiData.Data><N>b</N><T>2022-08-14</T><J>Pendapatan</J><K>q</K><Nom>20000</Nom></TransaksiData.Data><TransaksiData.Data><N>b</N><T>2022-08-16</T><J>Pendapatan</J><K>s</K><Nom>10000</Nom></TransaksiData.Data><TransaksiData.Data><N>b</N><T>2022-08-18</T><J>Pendapatan</J><K>s</K><Nom>5000</Nom></TransaksiData.Data><TransaksiData.Data><N>b</N><T>2022-08-20</T><J>Pendapatan</J><K>d</K><Nom>30000</Nom></TransaksiData.Data><TransaksiData.Data><N>c</N><T>2022-08-24</T><J>Pendapatan</J><K>d</K><Nom>50000</Nom></TransaksiData.Data><TransaksiData.Data><N>c</N><T>2022-08-28</T><J>Pendapatan</J><K>a</K><Nom>30000</Nom></TransaksiData.Data><TransaksiData.Data><N>c</N><T>2022-08-31</T><J>Pendapatan</J><K>s</K><Nom>10000</Nom></TransaksiData.Data><TransaksiData.Data><N>a</N><T>2022-08-01</T><J>Pengeluaran</J><K>s</K><Nom>-20000</Nom></TransaksiData.Data><TransaksiData.Data><N>a</N><T>2022-08-03</T><J>Pengeluaran</J><K>s</K><Nom>-10000</Nom></TransaksiData.Data><TransaksiData.Data><N>a</N><T>2022-08-05</T><J>Pengeluaran</J><K>s</K><Nom>-5000</Nom></TransaksiData.Data><TransaksiData.Data><N>a</N><T>2022-08-07</T><J>Pengeluaran</J><K>h</K><Nom>-10000</Nom></TransaksiData.Data><TransaksiData.Data><N>a</N><T>2022-08-09</T><J>Pengeluaran</J><K>s</K><Nom>-10000</Nom></TransaksiData.Data><TransaksiData.Data><N>h</N><T>2022-08-12</T><J>Pengeluaran</J><K>h</K><Nom>-5000</Nom></TransaksiData.Data><TransaksiData.Data><N>b</N><T>2022-08-14</T><J>Pengeluaran</J><K>j</K><Nom>-30000</Nom></TransaksiData.Data><TransaksiData.Data><N>c</N><T>2022-08-16</T><J>Pengeluaran</J><K>h</K><Nom>-10000</Nom></TransaksiData.Data><TransaksiData.Data><N>c</N><T>2022-08-20</T><J>Pengeluaran</J><K>s</K><Nom>-20000</Nom></TransaksiData.Data><TransaksiData.Data><N>h</N><T>2022-08-28</T><J>Pengeluaran</J><K>j</K><Nom>-40000</Nom></TransaksiData.Data></backingList></com.sun.javafx.collections.ObservableListWrapper>