<?xml version="1.0" ?><com.sun.javafx.collections.ObservableListWrapper><listenerHelper class="com.sun.javafx.collections.ListListenerHelper$Generic"><changeListeners><javafx.collections.WeakListChangeListener><ref><referent class="null"></referent><queue class="java.lang.ref.ReferenceQueue$Null"><lock></lock><queueLength>0</queueLength></queue></ref></javafx.collections.WeakListChangeListener><null></null><javafx.collections.WeakListChangeListener><ref><referent class="null"></referent><queue class="java.lang.ref.ReferenceQueue$Null" reference="../../../javafx.collections.WeakListChangeListener/ref/queue"></queue></ref></javafx.collections.WeakListChangeListener><javafx.collections.WeakListChangeListener><ref><referent class="null"></referent><queue class="java.lang.ref.ReferenceQueue$Null" reference="../../../javafx.collections.WeakListChangeListener/ref/queue"></queue></ref></javafx.collections.WeakListChangeListener></changeListeners><invalidationSize>0</invalidationSize><changeSize>4</changeSize><locked>false</locked></listenerHelper><changeBuilder><list class="com.sun.javafx.collections.ObservableListWrapper" reference="../.."></list><changeLock>0</changeLock><addRemoveChanges></addRemoveChanges></changeBuilder><backingList><EditDataKeanggotaan.ModelTabel><nama>h</nama><jabatan>g</jabatan><nohp>f</nohp><alamat>g</alamat></EditDataKeanggotaan.ModelTabel><EditDataKeanggotaan.ModelTabel><nama>h</nama><jabatan>g</jabatan><nohp>fj</nohp><alamat>g</alamat></EditDataKeanggotaan.ModelTabel><EditDataKeanggotaan.ModelTabel><nama>hg</nama><jabatan>gg</jabatan><nohp>f</nohp><alamat>g</alamat></EditDataKeanggotaan.ModelTabel></backingList></com.sun.javafx.collections.ObservableListWrapper>