<?xml version="1.0" encoding="UTF-8"?>
<project-private xmlns="http://www.netbeans.org/ns/project-private/1">
    <editor-bookmarks xmlns="http://www.netbeans.org/ns/editor-bookmarks/2" lastBookmarkId="0"/>
    <open-files xmlns="http://www.netbeans.org/ns/projectui-open-files/2">
        <group>
            <file>file:/D:/2.%20JAVA%20NETBEANS/MasukFXML/src/EditDataKeanggotaan/EditDataController.java</file>
            <file>file:/D:/2.%20JAVA%20NETBEANS/MasukFXML/src/Beranda/BerandaController.java</file>
            <file>file:/D:/2.%20JAVA%20NETBEANS/MasukFXML/src/masukfxml/FXMLControllerUtama.java</file>
            <file>file:/D:/2.%20JAVA%20NETBEANS/MasukFXML/src/Transaksi/TabelTransaksiController.java</file>
            <file>file:/D:/2.%20JAVA%20NETBEANS/MasukFXML/src/LaporanKeuanganController/LaporanController.java</file>
        </group>
    </open-files>
</project-private>
